-- phpMyAdmin SQL Dump
-- version 5.2.0
-- https://www.phpmyadmin.net/
--
-- Servidor: 127.0.0.1:3306
-- Tiempo de generación: 30-03-2023 a las 05:46:48
-- Versión del servidor: 8.0.31
-- Versión de PHP: 8.0.26

SET SQL_MODE = "NO_AUTO_VALUE_ON_ZERO";
START TRANSACTION;
SET time_zone = "+00:00";


/*!40101 SET @OLD_CHARACTER_SET_CLIENT=@@CHARACTER_SET_CLIENT */;
/*!40101 SET @OLD_CHARACTER_SET_RESULTS=@@CHARACTER_SET_RESULTS */;
/*!40101 SET @OLD_COLLATION_CONNECTION=@@COLLATION_CONNECTION */;
/*!40101 SET NAMES utf8mb4 */;

--
-- Base de datos: `login`
--

-- --------------------------------------------------------

--
-- Estructura de tabla para la tabla `clientes`
--

DROP TABLE IF EXISTS `clientes`;
CREATE TABLE IF NOT EXISTS `clientes` (
  `id_cliente` int NOT NULL AUTO_INCREMENT,
  `nombres` varchar(50) NOT NULL,
  `apellidos` varchar(50) NOT NULL,
  `telefono` int NOT NULL,
  `correo_electronico` varchar(50) NOT NULL,
  `contrasena` varchar(150) NOT NULL,
  `direccion` varchar(50) NOT NULL,
  `DUI` int NOT NULL,
  PRIMARY KEY (`id_cliente`)
) ENGINE=MyISAM AUTO_INCREMENT=28 DEFAULT CHARSET=latin1;

--
-- Volcado de datos para la tabla `clientes`
--

INSERT INTO `clientes` (`id_cliente`, `nombres`, `apellidos`, `telefono`, `correo_electronico`, `contrasena`, `direccion`, `DUI`) VALUES
(8, 'joss', 'Adam', 894567, 'joss@gmail.com', '3c9909afec25354d551dae21590bb26e38d53f2173b8d3dc3eee4c047e7ab1c1eb8b85103e3be7ba613b31bb5c9c36214dc9f14a42fd7a2fdb84856bca5c44c2', 'san salvador', 67886554),
(7, 'Mery', 'Lopez', 356780, 'joselyn1@gmail.com', '3c9909afec25354d551dae21590bb26e38d53f2173b8d3dc3eee4c047e7ab1c1eb8b85103e3be7ba613b31bb5c9c36214dc9f14a42fd7a2fdb84856bca5c44c2', 'dds', 357890),
(9, 'alex', 'lopez', 12345678, 'sdavgas@gmail.com', '3c9909afec25354d551dae21590bb26e38d53f2173b8d3dc3eee4c047e7ab1c1eb8b85103e3be7ba613b31bb5c9c36214dc9f14a42fd7a2fdb84856bca5c44c2', 'canton plan del pino', 123456789),
(10, 'alex', 'lopez', 12345678, 'sdavgas@gmail.com', '3c9909afec25354d551dae21590bb26e38d53f2173b8d3dc3eee4c047e7ab1c1eb8b85103e3be7ba613b31bb5c9c36214dc9f14a42fd7a2fdb84856bca5c44c2', 'canton plan del pino', 123456789),
(11, 'alex', 'lopez', 12345678, 'sdavgas@gmail.com', '3c9909afec25354d551dae21590bb26e38d53f2173b8d3dc3eee4c047e7ab1c1eb8b85103e3be7ba613b31bb5c9c36214dc9f14a42fd7a2fdb84856bca5c44c2', 'canton plan del pino', 123456789),
(12, 'ASC', 'ACS', 12345672, 'dvsav@gmail.com', 'f6b07b6c1340e947b861def5f8b092d8ee710826dc56bd175bdc8f3a16b0b8acf853c64786a710dedf9d1524d61e32504e27d60de159af110bc3941490731578', 'canton plan del pino', 123456785),
(13, 'aaaaaaaaaaaa', 'eeeeeeeeeeeeeeeeeee', 12345672, 'iiiiiiiiiiiii@gmail.com', '26e5556d35bebab660c17eaf2ffebb823ddfb4b009a6e1f687e95fdf40ee637040fe258bb737d537c5d04d2558f2d2e802b2ef492944330f0b8e4bb17222e1d5', 'canton plan del pino', 123456785),
(14, 'aaaaaaaaaaaa', 'eeeeeeeeeeeeeeeeeee', 12345672, 'iiiiiiiiiiiii@gmail.com', '26e5556d35bebab660c17eaf2ffebb823ddfb4b009a6e1f687e95fdf40ee637040fe258bb737d537c5d04d2558f2d2e802b2ef492944330f0b8e4bb17222e1d5', 'canton plan del pino', 123456785),
(15, 'aaaaaaaaaaaa', 'eeeeeeeeeeeeeeeeeee', 12345672, 'iiiiiiiiiiiii@gmail.com', '26e5556d35bebab660c17eaf2ffebb823ddfb4b009a6e1f687e95fdf40ee637040fe258bb737d537c5d04d2558f2d2e802b2ef492944330f0b8e4bb17222e1d5', 'canton plan del pino', 123456785),
(16, 'aaaaaaaaaaaa', 'eeeeeeeeeeeeeeeeeee', 12345672, 'iiiiiiiiiiiii@gmail.com', '26e5556d35bebab660c17eaf2ffebb823ddfb4b009a6e1f687e95fdf40ee637040fe258bb737d537c5d04d2558f2d2e802b2ef492944330f0b8e4bb17222e1d5', 'canton plan del pino', 123456785),
(17, 'aaaaaaaaaaaa', 'eeeeeeeeeeeeeeeeeee', 12345672, 'iiiiiiiiiiiii@gmail.com', '26e5556d35bebab660c17eaf2ffebb823ddfb4b009a6e1f687e95fdf40ee637040fe258bb737d537c5d04d2558f2d2e802b2ef492944330f0b8e4bb17222e1d5', 'canton plan del pino', 123456785),
(18, 'aaaaaaaaaaaa', 'eeeeeeeeeeeeeeeeeee', 12345672, 'iiiiiiiiiiiii@gmail.com', '26e5556d35bebab660c17eaf2ffebb823ddfb4b009a6e1f687e95fdf40ee637040fe258bb737d537c5d04d2558f2d2e802b2ef492944330f0b8e4bb17222e1d5', 'canton plan del pino', 123456785),
(19, 'aaaaaaaaaaaa', 'eeeeeeeeeeeeeeeeeee', 12345672, 'iiiiiiiiiiiii@gmail.com', '26e5556d35bebab660c17eaf2ffebb823ddfb4b009a6e1f687e95fdf40ee637040fe258bb737d537c5d04d2558f2d2e802b2ef492944330f0b8e4bb17222e1d5', 'canton plan del pino', 123456785),
(20, 'aaaaaaaaaaaa', 'eeeeeeeeeeeeeeeeeee', 12345672, 'iiiiiiiiiiiii@gmail.com', '26e5556d35bebab660c17eaf2ffebb823ddfb4b009a6e1f687e95fdf40ee637040fe258bb737d537c5d04d2558f2d2e802b2ef492944330f0b8e4bb17222e1d5', 'canton plan del pino', 123456785),
(21, 'aaaaaaaaaaaa', 'eeeeeeeeeeeeeeeeeee', 12345672, 'iiiiiiiiiiiii@gmail.com', '26e5556d35bebab660c17eaf2ffebb823ddfb4b009a6e1f687e95fdf40ee637040fe258bb737d537c5d04d2558f2d2e802b2ef492944330f0b8e4bb17222e1d5', 'canton plan del pino', 123456785),
(22, 'aaaaaaaaaaaa', 'eeeeeeeeeeeeeeeeeee', 12345672, 'iiiiiiiiiiiii@gmail.com', '26e5556d35bebab660c17eaf2ffebb823ddfb4b009a6e1f687e95fdf40ee637040fe258bb737d537c5d04d2558f2d2e802b2ef492944330f0b8e4bb17222e1d5', 'canton plan del pino', 123456785),
(23, 'asdf', 'asfv', 12345672, 'asssfhs@gmail.com', '05da672416ea6e7b9d77589e87020323c11ffd2f2e224c7ba62e307dec3b47af37ebfc513eb60f8d70756647363399cc68c807eba3c8423ff3dc427468ae70fc', 'canton plan del pino', 123456123),
(24, 'asdf', 'asfv', 12345672, 'asssfhs@gmail.com', '05da672416ea6e7b9d77589e87020323c11ffd2f2e224c7ba62e307dec3b47af37ebfc513eb60f8d70756647363399cc68c807eba3c8423ff3dc427468ae70fc', 'canton plan del pino', 123456123),
(25, 'asdf', 'asfv', 12345672, 'asssfhs@gmail.com', '05da672416ea6e7b9d77589e87020323c11ffd2f2e224c7ba62e307dec3b47af37ebfc513eb60f8d70756647363399cc68c807eba3c8423ff3dc427468ae70fc', 'canton plan del pino', 123456123),
(26, 'asdf', 'asfv', 12345672, 'asssfhs@gmail.com', '05da672416ea6e7b9d77589e87020323c11ffd2f2e224c7ba62e307dec3b47af37ebfc513eb60f8d70756647363399cc68c807eba3c8423ff3dc427468ae70fc', 'canton plan del pino', 123456123),
(27, 'dsgh', 'sdh', 12345684, 'sdfgahdhf@gmail.com', '3c9909afec25354d551dae21590bb26e38d53f2173b8d3dc3eee4c047e7ab1c1eb8b85103e3be7ba613b31bb5c9c36214dc9f14a42fd7a2fdb84856bca5c44c2', 'dfh', 123456248);

-- --------------------------------------------------------

--
-- Estructura de tabla para la tabla `cupones`
--

DROP TABLE IF EXISTS `cupones`;
CREATE TABLE IF NOT EXISTS `cupones` (
  `id_cupon` int NOT NULL,
  `cantidad_cupones` int NOT NULL,
  `id_cliente` int NOT NULL,
  `id_oferta` int NOT NULL,
  `estado` varchar(30) COLLATE utf8mb4_general_ci NOT NULL,
  `fecha_canje` varchar(50) COLLATE utf8mb4_general_ci NOT NULL,
  PRIMARY KEY (`id_cupon`),
  KEY `id_cliente` (`id_cliente`),
  KEY `id_oferta` (`id_oferta`)
) ENGINE=InnoDB DEFAULT CHARSET=utf8mb4 COLLATE=utf8mb4_general_ci;

-- --------------------------------------------------------

--
-- Estructura de tabla para la tabla `empleados`
--

DROP TABLE IF EXISTS `empleados`;
CREATE TABLE IF NOT EXISTS `empleados` (
  `id_empleado` varchar(50) COLLATE utf8mb4_general_ci NOT NULL,
  `nombre` int NOT NULL,
  `id_rol` int NOT NULL,
  `id_empresa` varchar(30) COLLATE utf8mb4_general_ci NOT NULL,
  PRIMARY KEY (`id_empleado`),
  UNIQUE KEY `id_rol` (`nombre`),
  KEY `id_rol_2` (`id_rol`),
  KEY `id_empresa` (`id_empresa`)
) ENGINE=InnoDB DEFAULT CHARSET=utf8mb4 COLLATE=utf8mb4_general_ci;

-- --------------------------------------------------------

--
-- Estructura de tabla para la tabla `empresas`
--

DROP TABLE IF EXISTS `empresas`;
CREATE TABLE IF NOT EXISTS `empresas` (
  `id_empresa` varchar(30) COLLATE utf8mb4_general_ci NOT NULL,
  `nombre_empresa` varchar(100) COLLATE utf8mb4_general_ci NOT NULL,
  `direccion` varchar(300) COLLATE utf8mb4_general_ci NOT NULL,
  `nombre_contacto` varchar(100) COLLATE utf8mb4_general_ci NOT NULL,
  `telefono` int NOT NULL,
  `id_rubro` int NOT NULL,
  `porcentaje_comision` int NOT NULL,
  PRIMARY KEY (`id_empresa`),
  UNIQUE KEY `id_rubro` (`id_rubro`)
) ENGINE=InnoDB DEFAULT CHARSET=utf8mb4 COLLATE=utf8mb4_general_ci;

--
-- Volcado de datos para la tabla `empresas`
--

INSERT INTO `empresas` (`id_empresa`, `nombre_empresa`, `direccion`, `nombre_contacto`, `telefono`, `id_rubro`, `porcentaje_comision`) VALUES
('ban473', 'Banco Agrícola', 'San Salvador', 'Vicente Jose Rico', 22675000, 8, 25),
('gbl863', 'Grupo Roble', 'Costado Norte de Metrocentro, Grupo Roble, Prolongacion Blvd Tutunichapa, San Salvador', 'Maria Asuncion Medrano', 25056100, 9, 20),
('gha067', 'Grupo Amate', 'Av. Masferrer #139, Col. Escalón\r\nSan Salvador, El Salvador', 'Jose Pedro Carrera', 25107613, 3, 20),
('hyc679', 'Hyatt Centric', 'St Las Cascadas Shopping Center, Torre El Pedregal, Sergio Paz', 'Rodolfo Otero', 25287000, 6, 25),
('inf235', 'Inforum', 'Torre Corporativa Millennium Plaza, nivel 6, local 3, 71 Avenida Sur, entre Paseo General Escalón y Avenida Olímpica, Colonia Escalón, San Salvador', 'Edgar Urrutia', 22640223, 1, 15),
('ins364', 'Inter Seguros, SA de CV', 'Av las Camelias, San Salvador', 'Karina Barrios', 74547007, 7, 20),
('lau453', 'LA ÚNICA', 'Final, Avenida Juan Aberle No. 20, Mejicanos', 'Aritz Arribas', 25107632, 10, 20),
('lft325', 'Life Fitness', 'Centro Comercial Hipódromo 644 local # 9, San Salvador', 'German Quintana', 22637010, 5, 25),
('sde844', 'Editorial Santillana', '87 Avenida Norte #311, Colonia Escalón, San Salvador', 'Carmen Rosa Sacristan', 25058920, 4, 15),
('ups346', 'Ups Supply Chain Solutions', 'Prolongacion Juan Pablo Ii, Urb. Y Casa #8,, Pje San Jorge', 'Esmeralda Fuertes', 2600767, 2, 10);

-- --------------------------------------------------------

--
-- Estructura de tabla para la tabla `estados`
--

DROP TABLE IF EXISTS `estados`;
CREATE TABLE IF NOT EXISTS `estados` (
  `id_estado` int NOT NULL,
  `estado` varchar(50) COLLATE utf8mb4_general_ci NOT NULL,
  PRIMARY KEY (`id_estado`)
) ENGINE=InnoDB DEFAULT CHARSET=utf8mb4 COLLATE=utf8mb4_general_ci;

--
-- Volcado de datos para la tabla `estados`
--

INSERT INTO `estados` (`id_estado`, `estado`) VALUES
(1, 'Oferta aprobada'),
(2, 'Oferta rechazada'),
(3, 'Oferta descartada');

-- --------------------------------------------------------

--
-- Estructura de tabla para la tabla `ofertas`
--

DROP TABLE IF EXISTS `ofertas`;
CREATE TABLE IF NOT EXISTS `ofertas` (
  `id_oferta` int NOT NULL,
  `titulo` varchar(100) COLLATE utf8mb4_general_ci NOT NULL,
  `precio_regular` double NOT NULL,
  `precio_oferta` double NOT NULL,
  `fecha_inicio` date NOT NULL,
  `fecha_fin` date NOT NULL,
  `descripcion` varchar(500) COLLATE utf8mb4_general_ci NOT NULL,
  `fecha_limite` date NOT NULL,
  `estado` int NOT NULL,
  `id_empresa` varchar(30) COLLATE utf8mb4_general_ci NOT NULL,
  `imagen` mediumblob NOT NULL,
  PRIMARY KEY (`id_oferta`),
  UNIQUE KEY `estado` (`estado`),
  KEY `id_cliente` (`id_empresa`)
) ENGINE=InnoDB DEFAULT CHARSET=utf8mb4 COLLATE=utf8mb4_general_ci;

--
-- Volcado de datos para la tabla `ofertas`
--

INSERT INTO `ofertas` (`id_oferta`, `titulo`, `precio_regular`, `precio_oferta`, `fecha_inicio`, `fecha_fin`, `descripcion`, `fecha_limite`, `estado`, `id_empresa`, `imagen`) VALUES
(2, 'sadgasdg', 40, 20, '2023-03-10', '2023-03-08', 'asdgadg', '2023-04-30', 1, '1', 0xffd8ffe000104a46494600010100000100010000ffdb0084000a0708151515181615151818181a1c19181c18181a181818181a18191a1a181818181c212e251c1f2b2118182738262b2f313536351a243b403b343f2e343531010c0c0c100f101f12121a3424232b3536313434313434343434343531343134343434343434343434343434343434343434343434343434343434353434343434ffc000110800b7011303012200021101031101ffc4001b00000105010100000000000000000000000300020405060107ffc4004410000201020305050504090303040300000102110003041221052231415106617181911332a1b1c1144272b2072324526282a2d1f07392c233c3e163b3d2f1344353ffc4001a010003010101010000000000000000000000010304020506ffc4002f11000202010302040502070000000000000001021103122131044122516171051332338142b11423345291a1d1ffda000c03010002110311003f00ca91a53add38ae94f44ae8439168a8b49168c8b41c89528c894e45a3a2508015b4df3f857e6d53116876d37cfe15f9b54a44a6075051545254a22a52012ad1156ba894545a0062a53c251552bb929002cb5c2b46c948a5074472b5dca3a514a5732502a02d4c6a3e5a6325161446651d2857904e9c2a635ba0b253b0a2214a614a96c94d2940c88568656a59b74364a6724564a03a54d64a13a52b020004804f1207ca9a454944dd5f01f2a1ba530239a1b0a3b250585000cd06e51d85088a2c740b2d2a7c576958520b1a53d56ba174a22ad021e8b4544ae20a3a2d301c8b5291298ab5211280396d37cfe15f9b54a44a1db4df3f847cdaa62252038894554a2e1ec33985524f4146b9867430ea57c450001529e1288a29c05074302d3b2d3e2ba169003cb4b2d122b914003294dc9474b6cdeea93e009f9535ed91c411e22290c094a63251ab845004665a132d4a65a1b25022295a694a90cb4c228000569ac95255560c933ca0023cf5d280c2981199281757435318546bc343e07e54c08a8bba3c07ca98c2a532401e5f2a038a604774a03a54a6a03d004565a19147714d740002181278801b77b89220f94d200114a9f15ca009617414e514454dd9fa89f4e35d55a672390549b0ba8913a8d2627ba795370ca330cc2448912167ba490056e3676c5b432bb202c3582491dd2260c535175617bd11adec752840440c468467620f2f78fd2a91108304411a107947235e889a0d001e02a96fe370cee49285d49d32e6272c684c71e9428b60e4919d4b7a93e1f1cdfda9f72ea2296760aa38963029987c79bad73305460e89916606eb91af80075aca76870ed771cd611c9fd567459cca5d535507bcabf0eea5254c22ecf59d83b3ca4bbc6f0103898e327e14ded45c44456665596800f16d3ee81c639f4ac5f61fb68830ce9897cad875993ef35be0a00e2594c2471d57ad67f19b76ee39af625f72d5a5dd078266396da0eaecc4127c7a0ae4e8dd2302254823a8323d69e05557624da6c3b3bb12eee510162aa200198c71d49e33c2aed2c1cc54c48d099d0798a1b04add206a2a7e230211736663fc91f19d2a46070481866ded7c04f2d2ad713650292dc238573aacedc5a74ccac50aede45f7980d2752263c2b9b72ffb1b4f707100c089d4f0e6240e3c79579be1f6c3dd60afff0051db2c0dc190a025c1e19e49027dd81a49a355f0128b8ba7b1ea780c31bab991d809d723c37f301a8f314fdb282d84cce79fbef99b96a01d48e3ad63b07826b68d92d047ca7dc9259108258b7bceeda993a983e15ddab86b78b457f79c6a9700c9710024e6424cc482638687ad164f524dded4685183095208ea0823e1488af3ad9fb69ec212f983861a32eeb2952c84011018eec70048811c36d736a2c6e29698d780d7e3f0a529c63bb65f1619e575156cb4b18477072c79b28f81351af5b2a4a9e23a107e22b41d9dc37ea4331966963a68352001dd00556768b06f649bb39d1c805620a9cbca3de060fad2d54b53e01626e6e0b9e3dd95ac284569d66fab98060f43a69d6ad7666d1b62425b6107577522475527c45520b5ab89c658cb14b4cd532bd15ed80c73a66dd04020f2e1344c5876400bbdc333a8530003d04d69d9830d75aabba812fa113af4300498e1e62aca316abb999ca49df632a568379775bc0d6e368e1acb02d714081ab8d18789e7e758dbe8164161c72fac806a6d56e5a3e27488acb4e7c13652d28639074263c26a8f1fb585c7452d911995640d5a4803870ff26b7788d8c4a3a0700b2901e35048898eef1a9a9a95d16c985c12be5f6f232379e401004730353af163cea330aee28b61dcdac411980055d41caea74cd1c8c83229482241041e63514e324ce250947902e282c2a430a095ae8e01d2a7e4a540c9c8465e1f3d35aead357dd14f414ce09586b219973292b9b52348d35d60f2e5df5e8a98c41bb074d2b058237c940aedeccb0054fbb1ce3fc9d6b61977a6aa92d289b7e264ebd8d2c08b6b9987dd272cc729efac16271eb77108af6c2be760e5588042e8069ac89e33caae36d6d0b9691b2180ccaac40968862483cb40070e62b3db3d13ed365a34398777bb23e55d696a3672a572a2c705952fdd582435c489d600573a93cb58f4acdf691fd8e3ace2140012e64600400b7031502397fd43e75a3c25efda6e2f1d743d0813fdea93b538437462c4fb8b66f475c9ed0b2cf2900ebd62a322c8c7f6aaea1c4ddf6434043301c331033c7991e64d59f68b69da4c161b0d8732af175ce99988d006efcc4f864159fc16d1f66adfaacccfbc5899904fde81a0a05b71aca430df56524c4c15000e0275ae52b7475c1eafd9ec2aa2d9b4ea1e05b52a402a59d81624793c7856b52e229700054058c7050a0f2eee3586fd18bbdc45776672710756d4c261cb0f296e1e35a3dad60ba381c756d38c0633f03539ec8d7d2c54a45ee0f69db75dd70d1cc4ebebcea562f68ab0009800027a127bebcefb3374c66831e063463987c08abec55ccc32f2f7499d008de9f22c7caa5a8dafa75aacabedfe209b48a9a9772c04982150fac6607c8579e60f106d32de654782c0accc6a04e5e23801cf99ad2edbc53626ee4532888f1eeae50e564824744f8d63ace1119d933b280720313c5942cea001ef926780aac5784f37a9bf9ad2ec6eb0db45f136dd05b2182a095611bc41cb978931ae92743ceabedf683d9a6f2ca0570ab9994b311a4b01a1190e527c2ab363e2dedb31440e54336f07660cb0ba10083cf46d3778e868f8e44b9ed1b230928e10c4f3ced00413ab721ef7752d496dfb118e2b6af76fcc13e299dfd9bb82ab9551c01eeb104365113efcf84d68f04f00004c2e9a8ca775a3872d070efac6e1150210e4e70ad1ae908cc990eba480b11d2aff00675d3ecceb260f7f7f1f3151cf1f0a3d6f853acd25e68f6fd8a00c3da1fc2a7d44fd683da400e1ae4feee61e2bbc3e5f1a66c3b99b0e9d422fe5047c08a7636d0742a7d79890418f5ab55c2bd0c3ab4e6bf277fecf2fc2b938841272ef491322011a473abfc26d4476cad925577de633898958e638f9d6776702b74027dd91e6180341cf92f14e52da77031f5f8d57a38af97f92df1995f50abc91b6c36de4525189217efc68384cfaf1f1a06d6dac8ae8154dc2a731c84655cc560920cd65f0cf2c67ef171ea081f4a976994a15d778863df90683d47c6b528d6e78ce56a8d1ed5db29953880ee10fa183e131585daf8d66c6a2eb9432023ae640c67e1e9571b4f78da41aef66fe923fe4b59ddb1031cfdce08f2b7597a95514bd4dfd0ef36df6452dbc397605882175551dfac9eb5ebbd95da3edb0cb98cba6e3f795021bcc479cd78e8c532302a33751d474ad7761b6b27b636c347b41195b421941234e7a66e158b1b92927d8f57a88c258e972b7267e9270e19adaf557e075f785673b3a805a2b04156218729e4c072911e9533b778eb9ed9157894033718de698efe355dd9d73370133ee9f3de1558b6a6fd4cb92317855728b8614265a3c50d975ab984165a547fb39eea540044f7451ad2c8ff3e741b23745110d748e196f80da0f9ecd9217266620fded0339f9479d69ae5cca09e82b31b1926e86e8a7fb7d4d5f625f74d563ba44a5b36556deb369adb33921e7f560716d01235d239fa1d7856770d7985cb0554b196d0492770f41563b5312ee4207cc8b948551c18c833a4968aedcb2131365178418ebeeff00e4d525b4689c5f8ac26c8557b8cd0caea4e65223569027c8d0b10727daae62532264542b98366d1b411cce751e752b65122eb48f78b90d3c42322ebe6c6b25db8da0d172d83bad7558ff002a1d3d721fe5accdee69318b657dd241119430cc019d734183d34a943670249f6aa0e832a2b198e324c0a80adaeb5353151ccd24747a776131e3ece812d967b4ec8e8b98b1ccad17085524e8dd3ee9e9569b52e15b41f794805b810411bc667870e7591fd186298e29e18c1b4d23a90eb94ff537ad6b6fe34646672d991cc742d98142da891bc2a735748dbd24d45b93f21bb2b6414b606693bc75dcf798b4c8963c40e3cb80a9789c2bc652172c6a4967f2963274ee354d8aed33d950ef659c112cc840208ea8dcbc1bcaa0dcfd22d88ddb375c9e4722c41d3593d6b978a49d5175d541ab5233fdb49b0e8115810b725f265d2e00851482758078f007beb37b1eddc77ccaeca4b025a4893c40e0675ebd2bd5f04ff6d5647b21142cacbe7604c730005001e1af0af3cc75e5b78abf2cd0ac6d87910080110b0fbc3775f1ae9a69577314e70964d576984d938a1ed6d86710cc0e60d937999665b871fad48dba0aeb2eb9fda0de50002a4464827329cc75e5a6a6a87157519c65c84150ad95322660752aa78687901f1a9ed86272b87249c887316254806086626440ee8eea1251764db728e97bd6e8a954d418d584c7c74ee335acd8988ce9a93a4aebc068223bbea4d47ecb6cf4c432a140c0b9273289cb00c7c7e15658cca8ee123286650070dd31034e5152cced57a9ea7c2e159355f0bf73d7763028810fee5b3fd017e6a6a4dc7861d0e9fdabc531fdb5c707465709940015350c0690e0f1e1c0444d5f61bf49ee540c4614c702f6d8f11c4e561a75e3548ca3463c9d3e4d4dd0937710e234259c34f10ed311e7f0a0edbc2ead70660e72851d73c96f82135276adc5775bb6418c8a0ab088ccceeb11c46ade502a5ec726eafb4bbc4332a01a28020481c6641e335a7a78d436f3665eb726bc89bf248a75c2dc50b24020272d641933526ee0df465791a4481a1020f0e5c2aef128b04aa827f898ebf0a07b2c846e8de23ef13c7a6ed693115b62e94bca2e2cb942c9037419d499d790f8567f6c3fed8e38e84f3d3f53ccf0ad76d0c3cc38519ede60b274604ef2cc75591ff9ac06d5370e28b93024ae5990a3d9e53eb24d65ea92d2bdcddd0b6a6e9761a96c0ab2ecb6cc0f8bb4ff00b84b9fe50627cc8a802bb6b69ddc3367b2407e06620a9f7841f01d6bcc85ea47bb9d2589fb1a4edbdb16d91e277991bc3de0477f1aa6d84173ddcb1ae43e4731a58ded3b62d151ed0cd98b6691c02c0951c0ef1ff6d0b63d955b8c0ce6025752046a1a60ebcb8d68db5fa9e6ad4f0bee8bbae2b77d74d0675ab190913de7e15da1e7a54c4770fee8f3f9d1168787f7479fce88b5d1c16fb14c393ddf5ab3c4438cb3a4cb780d48f3aacd94627ca96dabec89bbc5bd639c77d5a0b6252e406c7c306bd71d1b345cf0ddd08227cc795171f707db2dc9e05bf23507613648712730321b49d4c475e7f1a8d73682a6243bac85572072cf97747ce9cb8628f2586ce6df433f72ff00feedb3582ed802545c3f7b117141ea152dfd737a56e7626235b6ec07b97da391dfb640f58158aed997f64bed0a926fbb80a00ca2e20396234860de7359d97464395359b9529d2b8a75a43371fa34bf9716c3ff0045fe0c95a2c5e2594b2ba92aec031100a31836cf7a9057cab2ff00a306438e50e99c1475d44a8639482de846bcc8af4cdb58757465c99b2957017de39034759556f67a40e333a527ca298a6a2a57dd197db58539081c3cbfb5667b3fb3466b99b5d5554f4006691a778ad86d524db63e7f4359dd8b7e1dfb88f8a08ad2b776cc7c2a46c3609097196778db9ca2498046b00695e65da14339b5de2cdcb5624124f43fd874af4ad8fb49ace21580cd2088263565302796aa079d66bb7d8145cac9f7dddcf2896d0107507520cf35acb9a4d4acdfd242334e2f9ec62b3a8592b2c43738332b9189ea20f88a96f8acc06660d3d0c4729d4687bb8c0a16cfb4ad76da3095674523a867008d3b89a57ec84baea068aeea0772b103e553d5dcbff0b172ab68df7641545ece065054c08023dd998e27bea971b7f56239b31f524d6c3b196d7577456465544244c38cc5c13c048cb1e06bcfb177191c0658cc332cf3524807d54fa54ea5249b37e29431649463e4910b1ac731d7ef69e7ff00d5595bb9204f399f4aadc5a491ebe835f9549c39242f8fd2b892d917c4f766cf655c372cb10579301a8020131a0fe23a729a7e071caa323182848d248d77a67ce96055ae046465b76f2db57528031dc5965311dfc3506679118d95903dcf681c3b900000651048cc678c474af431e4d31491f3d9b0a7924e4fb6c5a7db5081be3fcf1aee231f6c94df1a113a1d00d678567dd628b7d2188e8147a22d53e6bb337cb45fddc75a9273a413d40e5d38f226b29da7d9992f33ce8cc328ea1adb127fa48ab3da7815f668ca625a093afbc22b9b77121ac646cacf6ca6ab10005cba1e249ce0f830a96792944bf4ca519fa3ff00a654557ed830808fde1f23d2ac60c554ed93b83f10fad79f8fea47bbd47da6336411ed34fdd33dc732e9f0abfc0a96bf3c9564f9c8159fd93725a00e0a0721cf5f11a56bb668192799275e71a6957ab99823271c0fd5939ce951d8eb4566a8ec75ab988ee6aed32695004dc30dc1e7f3a22d0f0dee7ad116bab265aece3a1f1a87b66f9cc003c072efa361311907024f4aafbb66ebb96889ea469dd568b4911926d85d9a85419ee69e5acd54ed7f7f374cde1caae366e81ed9697500b2ea615a72ebc0f03c2a062b66dcba4e45ff0076efcf8f0a1b4d04534cb0d84256d03c325ffcf6ab2ddbec00b4a9be5f3bb1961bdbaa3899d78f4ad86cbc3b5b3691e3304bdc0c8d5ed9acc7e93df4b03bee1f416c7d6a32e4b44c09e0698869fcab88b5c9d17bd92c4badf54568f6a45a278c4b02addc411c46bad7b561ac8b568027315077b5049699e73ce2bc37b3a631387ff5adfe703eb5eddb45f7557ce87c876282ea7ece75d72904fc6b25b32d9059ff0079f27fb514ff00ca89887c47da8ae7b9ecf39dd19bd99130736580635e3d3bea6d8484e1c2f37e44e9e1578ef4424aacb30ea7116b290c244c10608563069ddb940c96db5d5ca92493c578ebe06aab652a0c52b00067690155c030ad9989651274e9e3565dae04d848049f682078a3d66cfc337745b64460f6624626d03fff005b63fad6bbb4d7f69bbaff00fb6e7e76a2e1cc622d93a11713bf838eb46c4db1f69bb20106edc31e0ed59f5784f5146f251baece5bcf86491a4bf3e7244c46863819d24d66fb5f8702fae51016da003a00cf15adece19c32fe27fcc6b31dafff00f207fa6bf99ea9fa119e0afa86999f759631c91cfa2352c370f39f8d1b0a92cffe95dfc8d512cbc29a9496c6e83a933d2763856b283f82dcf9db5a78c09447cc73162a734f1ca328244718a87b06461d09fbca91e0a8a3e60d5bb99b5e1fdeb4c78478b9978d99abe38d1f1a37dbcbe429b7ad98cd1a75a918b4df3e5f2aa7733ae02de2c6cda20c15707803c248d0f956231975bed379731ca0031ca5551418e462b75796117bcfd39563368e1596e5d7310d0175d78199e9c054b21a7a7ab021b4aa7db1ee8fc5f4356f6db4aabdb03411d787ce2b2e2fad1ea753f6982d90b049f8fad6c366acdb067593f3ac8ecb32adac6ba741cfea6b5bb347ead7873e1f88d5a3f719826ff90bdc9028278d148a19ab9906d2a514a802c30c377d688050b0c7768a0d744c916854ab750ed9a948680216023ed788fc167fee55e03543813fb5dffc167fee55e29a000dc3fae4fc173f35aac47e92da5ecaf4473eaca3fe35b5b87f5c9f82e7e6b7582fd22dc9c422f4b4beacef3f21498d1902ba1a48635a4e691a432c76218bf63fd5b5f9d6bda31cf2fe15e27b31a2edb3d2e5b3e8ca6bda31065cd00612f6dbbb66e5e456194bdc024025658cc1a95862461813a9f687f22eb541b744622e8fe363ea66af308e0e106a4ef9f822d5e3d884bb8dc03fed3663f78fe56e357dda9d2c02393a9fe971f5acd6cb04e26d1fe33f94e95a9ed3ace19fb8a1fea03eb50ceb666be8dd4d7b982c3a4b863c9c1f3cd52710d379cf5b8fe8ce69b68402639d0336639bf7893ea66b0dda3dfd3524cf45ecee961477bfe63598ed9bfed03fd35fcef5a6ece37ea14f7b7ccd65fb607f69f0451f163f5abfe8479f0fea5fe4a9d96f2eff00e95dfc86a05be1563b2bdf73ff00a577f21aad15cbe0d49f89fe0f44d887f66b3f83ea6ad6d19461e354fb04fecd6bf09fcc6ad70c7de1d455d7079393ea7eec062ec816e4089898eb229e30c1cb89cbc003cb4eb46769b6e3a70f0aedb804f79aa7733f621e28054cb33958eb05644743597dadaa78b7d1ab51b5df48e80d65b6a292820126796bc8d713e195c2fc4bdcab53e82a0ed02252471683e1cea612a04b3058fba749efa858d70cc906049d4831a0d4f7c69eb5931c5ea3d5ea66be5356370015434495cc63a9034063956ab669fd5ac7f9a9ace606d7dd91c64690083c201ad26056100eeab43eb663cbf65056a0d19e82bc2ac6414d2a54a8026615b4a286a842e64dde3a6a57513e34e4c48e87e1fde9d9c516486a4a1aadb7891df52ede257be98c8d8668c55ffc167fe75616af99aa51881f69bc4734b43d337f7a9c9881dfe941c936ede1ed10ff0003fc4a7f6af3aeda5ecf8a7fe1545fe9cdff002adc3dd05d38fbaff34af39dbb733626e9fe323fdb0bf4a4c68ad7a438d27a7188d290c7da2788e33a57b7dce27c6bc42df035ed3edd66981e75da55fda6e7e207d54549d9b73f5017a5d27fdd6c7ff1357fb43b3f66e3b5c777ccc6614000721c419d00a8584d8ea55951c280ec378319c9214e847104fc34aa292d89b8b642c03e5c4da807570258471d34f5ad7f6807eceff867d083f4aadb1b2943ab674628c184a38303bf39823ac559ed570d69d7aa38e07f74d4f2b52ba2dd3dc64afcd18c5b818001401c2264d57585e03a69e94fb723d6b8161c8ef3f133f5af392a3e91b6e99e83d9ed30e9e67fa8d653b5adfb4b7e141fd20fd6b4bb23128b690131ba3af8d647b49743625c8323747a20ad4fe94797877cf27ee46d9ed0d73fd1bbf96ab94d4ec018373fd0bb1e600fad57a9ae7b1a6fc4ff0007a0f671e70e83a0fa9ab6b4618566fb3b8b55b6aa4c69cfc4d5d2e29246f0abae0f2b23f13f7260f718771a59e29965f7987260448d634ff35a6dd2c40224f180235d7535d90645daada797d6a8ee1d57c4fc8d5aed3ba3a8d40f889aa27beb237873e75cb3a8f067bb4401bdfca072d353ad0b136ff55618123dfd781f7979f91a9db43099df38758d041f02279cf1aeb61b3db419c08cc75e27319e54a8eac2ec079cf9a0ce52386a37bba39f4abab4dcaa9f01875b649cc0922343a1f2e5536de216788f5a684d9398d0578535b10bfbc3d695ae1400f8a55dcb4a8018b4551d6ba128e98534d9c23882bb75d870f58a2ba84199d940ef205565ddad9cc5b5ce4741f21c4f90a2c60d2ee5bce4892553eb524630f4a8386d978b672fec9a0fef6513fca5811565f60ba3dec33f8a3a9fe924fce9581c4bfbca63937cd6b058c79773d5dcfab135e8b84d9aeed9723a684cbae41c4480413344da9b1ecdb4cf7545c03880013c0eb2df41ce803cbd2d3318552c78c004981c4e9ca9a0ce95e8383db1835465b58765cc0831944982066cb1f1a2ecddbf6ed222ada50428058289240d4e8268031d80d8789ba612cb907ef32944f366815eaec8c8aa5e09004c6bac6bad552769ad9f79f29fc2df322a7e1b0298a97d6e0e1efb8491c82c814010b13b76c2cae42c47ee98f53551b3b6e80ee0a000b31ea378c8135b0b3d91b4e754c83ba0fa03356567b2f8641ff491fbdc027d0d219963b415002c752272a8dd1e2e789f09a9184b976ece44cea743ba0ac1ea7855c6336660ece5768b5bc237d8292358ca647a0aedced2618681e7b951cfc850333f8cd8888f8794519ee432acc464730758e2055adcd8f6267d924fe1155fb576fdb67b2552e108e589f66469918693c788a063bb589c023a8fe2486f2d6952f23bf993fee7fe4b2c5d8444ddb45b9654cba77c1234ac86d9746f7f0ce87f789f664fc0835a7c24dd01c2baa9fdfdd68eb1d2a77b30a204c78cd755628ca517699e6b867547272c82850867e4c44ea17a0e950d306cc77012b3d663c4989af41dadb256fa91eeb7268f81ea2ab3ec4c919ad86238b651af7e95cb8a28b3493bb256cb544445c99b2a8049d64f58e5529eedbe6807f9dd55c7131a05f207e9459244c7ae9f3ae893b6ecb8b0a2468751e8229342800e838cc19f23598c76d129900b91beb215a34d743af0ab1b38e620112c08d29ea38710d8ab28ec6641f870d2a871d850adaa99863a703057515a15b93c6b9770cb759118b28cae65604ea9a1241d2b9b3bad8c43b904eee9fbd23e545b36f7166069a026247513a1f2adc5ad81865e36f3f7b92ff03a7c28b7764e19841b483f0a85f8ac52b151816423888a9987c0ca86238f8d69af767ac1e19d7f0b9faccd15306a8a17530224f13e31458e8cab610d76d664e1e87515a0bf656a0dcb429a0645fb67f00f53fda953bd952a6224a3f4a3db7a80a48a3239a6ce493770b6dd833a062040cd2447e1983c6ac2c3a2085014745000f85552b9a223c71a00b94c577f9515313df548978ff914517298168f7b797c1b9fe1a162b0b69c6fa668d6096f94f1aae374e65fe6fa51d6f9eb4014586d926fb9729ec6d700b043903941e67993e55a4b5b1f0c005f6487bc893ea684b74d105da4049c3ecac32195b493d62ae2c5e5510a001d0550adea28bf401a25c5d1171559b18a3445c51a00bebd711c43aab0e8c011f1aaeb9b370c75f608a4f345543eab06a1fdacd73ed340c8db5b63a65cf6b3e753982977604441003130685b0f67e19edadc16c663218ef0920c1a9ad88ae8bb4809e1106817e75c28bd2a01be6bbed8d31929d17a50dad8a8cd7cd73da5000368e01dc008e89c64b2063dd1a88e7552dd9db8defe224740840f83d5d9bd5d77a284666ff6498fbb7123f01d7cf3509764e26c7b803afeea9d7c72b7fe4d69dae114c7bd4a905959b231eacd91c15b91395c106074d2ac9c1cebafdd7f9a505af4d477b8730f03f314c0b0373be986fc73a826e1a1b5c3df4c764f388efa0bdf35099cd09ae1a541649b977bea33bd05ee4d099c8a0027b43d2b941cf4a8106069d9bd6952a621e0d743d2a548020b8688ad4a9500389d57cfe54507ad2a5401d569ae87a54a80081e288af4a95003f353b352a5401ccd5d2f4a9500719eb88e6bb4a801caf2629c0d2a540ce31a6968a54a8038eddd4d57ae52a0073b4477d0d89a54a8102631402dbde5f5a54a801b9e86ef34a950304d7395099a952a00631a131a54a800735da54a803fffd9);

-- --------------------------------------------------------

--
-- Estructura de tabla para la tabla `roles`
--

DROP TABLE IF EXISTS `roles`;
CREATE TABLE IF NOT EXISTS `roles` (
  `id_rol` int NOT NULL,
  `rol` varchar(100) COLLATE utf8mb4_general_ci NOT NULL,
  PRIMARY KEY (`id_rol`)
) ENGINE=InnoDB DEFAULT CHARSET=utf8mb4 COLLATE=utf8mb4_general_ci;

--
-- Volcado de datos para la tabla `roles`
--

INSERT INTO `roles` (`id_rol`, `rol`) VALUES
(1, 'admistrador'),
(2, 'Cliente'),
(3, 'empleado');

-- --------------------------------------------------------

--
-- Estructura de tabla para la tabla `rubros`
--

DROP TABLE IF EXISTS `rubros`;
CREATE TABLE IF NOT EXISTS `rubros` (
  `id_rubro` int NOT NULL,
  `rubro` varchar(200) COLLATE utf8mb4_general_ci NOT NULL,
  PRIMARY KEY (`id_rubro`)
) ENGINE=InnoDB DEFAULT CHARSET=utf8mb4 COLLATE=utf8mb4_general_ci;

--
-- Volcado de datos para la tabla `rubros`
--

INSERT INTO `rubros` (`id_rubro`, `rubro`) VALUES
(1, 'Software'),
(2, 'Transporte aéreo'),
(3, 'Turismo'),
(4, 'Editorial'),
(5, 'Gimnasio'),
(6, 'hoteles'),
(7, 'Servicios de seguros'),
(8, 'Bancos'),
(9, 'alquiler de locales'),
(10, 'alimenticios');

--
-- Restricciones para tablas volcadas
--

--
-- Filtros para la tabla `ofertas`
--
ALTER TABLE `ofertas`
  ADD CONSTRAINT `ofertas_ibfk_1` FOREIGN KEY (`estado`) REFERENCES `roles` (`id_rol`) ON DELETE CASCADE ON UPDATE CASCADE;
COMMIT;

/*!40101 SET CHARACTER_SET_CLIENT=@OLD_CHARACTER_SET_CLIENT */;
/*!40101 SET CHARACTER_SET_RESULTS=@OLD_CHARACTER_SET_RESULTS */;
/*!40101 SET COLLATION_CONNECTION=@OLD_COLLATION_CONNECTION */;
